Date,Open,High,Low,Close,Volume,Amount,TurnoverRate
2022-11-01,48.0,55.96,47.8,51.23,109387.87,550513.831,0.665857
2022-11-02,48.0,52.0,47.3,49.5,82612.24,409044.098,0.5028710000000001
2022-11-03,48.15,50.5,46.8,48.25,66198.64,319708.169,0.402959
2022-11-04,49.2,53.86,48.25,50.9,85536.83,437361.706,0.520673
2022-11-07,50.25,55.3,49.55,54.9,78754.77,413573.089,0.47939
2022-11-08,54.9,55.27,51.7,52.9,69478.45,368080.148,0.422924
2022-11-09,52.16,54.68,52.0,52.83,56209.47,298094.147,0.342154
2022-11-10,52.0,52.0,48.49,48.65,62152.52,310824.113,0.37833
2022-11-11,49.98,58.38,49.7,58.38,118994.95,648889.363,0.724337
2022-11-14,56.03,60.5,55.88,57.79,85094.23,492278.726,0.517979
2022-11-15,55.8,57.2,54.55,56.12,49291.71,275073.968,0.300045
2022-11-16,56.0,56.0,53.66,53.91,39627.62,216018.999,0.24121800000000002
2022-11-17,53.0,56.15,52.53,54.06,37617.12,205104.887,0.22898
2022-11-18,53.6,54.28,51.6,51.99,36410.2,193046.5,0.221633
2022-11-21,51.9,52.98,50.33,52.98,23703.93,123335.198,0.144289
2022-11-22,52.37,52.37,49.73,50.32,29758.88,151576.917,0.181146
2022-11-23,50.38,50.74,48.48,49.05,22150.07,108870.769,0.13483
2022-11-24,48.61,49.78,48.61,49.69,16926.75,83589.455,0.103035
2022-11-25,49.11,49.17,47.68,47.8,18205.21,87592.656,0.110817
2022-11-28,47.27,48.29,47.0,48.0,14375.02,68636.082,0.087502
2022-11-29,48.3,49.95,48.13,49.25,25963.78,128162.278,0.15804500000000002
2022-11-30,48.5,48.5,46.82,47.45,28458.4,135302.697,0.17323
2022-12-01,47.99,48.84,46.69,48.83,27645.17,132331.874,0.16827899999999998
2022-12-02,48.16,48.67,48.1,48.3,16399.4,79271.442,0.099825
2022-12-05,48.4,49.8,48.18,48.52,18698.67,91305.124,0.11382099999999999
2022-12-06,48.2,49.76,47.35,49.26,23260.49,114142.801,0.141589
2022-12-07,49.0,50.79,48.8,49.82,19222.23,96144.947,0.11700799999999999
2022-12-08,49.21,49.95,48.09,48.73,16640.69,81498.789,0.10129400000000001
2022-12-09,48.68,50.68,48.22,49.59,18520.97,92146.937,0.11273899999999999
2022-12-12,49.2,51.0,49.19,50.71,19751.73,99408.001,0.12023099999999999
2022-12-13,50.58,50.58,49.02,50.1,17162.0,85186.056,0.104467
2022-12-14,49.8,49.8,47.83,48.6,17392.51,84550.07,0.10586999999999999
2022-12-15,48.13,48.88,48.1,48.19,8485.21,41043.3,0.05165
2022-12-16,47.9,49.33,47.8,49.05,13251.72,64587.865,0.080665
2022-12-19,50.47,50.47,46.9,47.13,15864.78,76521.992,0.096571
2022-12-20,47.52,47.53,45.03,46.29,13346.5,61452.769,0.081242
2022-12-21,46.28,49.8,46.0,48.57,25571.13,124918.977,0.155655
2022-12-22,48.58,49.49,46.15,46.19,13602.06,64290.667,0.082797
2022-12-23,45.45,55.0,45.45,52.28,53124.57,274027.668,0.323376
2022-12-26,52.3,52.49,49.92,50.32,25151.89,127562.248,0.153103
2022-12-27,50.05,50.3,47.23,49.38,20872.67,101583.369,0.127054
2022-12-28,49.78,50.87,49.05,49.78,17923.97,89847.739,0.10910500000000001
2022-12-29,49.5,53.8,49.02,52.38,30161.82,157376.161,0.18359899999999998
2022-12-30,52.73,54.77,51.8,53.42,21745.94,116341.567,0.13237
2023-01-03,53.11,55.0,52.78,53.4,15611.54,83835.228,0.095029
2023-01-04,52.66,57.5,52.66,56.36,24959.82,139446.758,0.151933
2023-01-05,55.55,56.89,54.57,56.06,14296.18,79405.236,0.08702299999999999
2023-01-06,55.97,56.55,54.86,55.73,10256.07,57042.072,0.062430000000000006
2023-01-09,55.71,55.89,54.3,55.32,8827.64,48589.058,0.053735
2023-01-10,55.0,58.38,54.2,58.0,15842.09,89982.523,0.096433
2023-01-11,57.28,59.0,56.6,57.74,11916.78,68940.401,0.07253899999999999
2023-01-12,57.52,61.18,57.09,57.85,18589.86,109994.199,0.113159
2023-01-13,57.67,58.68,56.52,57.77,10867.36,62661.259,0.066151
2023-01-16,57.4,60.95,56.78,59.2,12454.0,73910.649,0.075809
2023-01-17,59.01,59.88,56.6,56.6,10445.0,60414.338,0.06358
2023-01-18,56.43,57.31,56.0,56.0,6633.57,37469.035,0.040379
2023-01-19,55.5,62.17,55.48,59.76,16587.56,98526.798,0.10096999999999999
2023-01-20,60.33,63.5,59.91,61.33,18102.44,111649.432,0.110192
2023-01-30,62.88,62.95,58.8,60.15,17958.18,109097.144,0.109314
2023-01-31,60.5,61.26,58.01,58.4,14109.44,83378.063,0.08588599999999999
2023-02-01,58.1,59.28,57.95,58.7,7145.9,41923.711,0.043498
2023-02-02,58.3,65.69,57.81,64.15,20848.1,130740.868,0.126905
2023-02-03,63.89,69.57,63.2,67.58,22189.62,149342.473,0.135071
2023-02-06,66.4,67.57,63.67,65.47,13912.14,90530.409,0.08468500000000001
2023-02-07,65.45,69.9,65.45,69.9,16676.89,114252.628,0.10151400000000001
2023-02-08,69.62,73.47,68.54,70.2,15857.62,112759.763,0.09652699999999999
2023-02-09,69.95,70.99,68.41,69.54,9689.0,67163.947,0.058978
2023-02-10,69.15,69.81,67.8,69.13,6604.99,45417.624,0.040205000000000005
2023-02-13,68.81,71.44,68.24,69.38,5298.99,36804.893,0.032256
2023-02-14,69.38,69.83,67.31,68.1,5787.48,39412.891,0.035228999999999996
2023-02-15,68.05,69.31,66.22,66.61,6235.05,41824.531,0.037953
2023-02-16,66.3,67.07,63.15,63.5,13556.9,87632.734,0.082522
2023-02-17,63.97,65.5,62.96,63.0,10067.36,64648.081,0.061281
2023-02-20,63.25,63.95,61.11,62.97,7405.0,46304.238,0.045075000000000004
2023-02-21,62.97,62.98,61.23,61.88,7031.18,43422.404,0.042800000000000005
2023-02-22,61.11,65.19,61.11,63.71,10861.99,69020.617,0.066118
2023-02-23,63.0,64.51,62.1,62.31,5021.0,31639.679,0.030562999999999996
2023-02-24,62.3,62.6,60.14,60.49,8489.0,51881.017,0.051674
2023-02-27,61.0,61.3,58.0,58.55,12015.81,70888.155,0.073142
2023-02-28,58.55,60.66,58.37,59.54,7550.99,45086.232,0.045964
2023-03-01,59.56,60.95,58.19,58.88,5856.0,34511.111,0.035646
2023-03-02,58.87,61.5,58.01,60.76,12315.54,73727.155,0.074966
2023-03-03,60.49,62.0,58.6,59.47,9416.08,56543.555,0.057317
2023-03-06,59.16,60.47,57.29,57.53,12109.71,70545.136,0.073713
2023-03-07,57.03,58.17,56.49,56.61,5343.0,30610.502,0.032522999999999996
2023-03-08,56.57,59.35,56.56,57.09,10378.36,60270.964,0.06317400000000001
2023-03-09,57.82,58.49,56.51,57.12,5930.82,33973.301,0.036101999999999995
2023-03-10,56.89,57.38,55.88,56.61,5685.16,32136.856,0.034606
2023-03-13,57.0,57.0,54.51,54.83,9116.0,50233.022,0.055490000000000005
2023-03-14,54.91,55.36,53.33,53.5,8389.89,45459.539,0.051070000000000004
2023-03-15,53.63,55.63,53.46,53.58,7586.53,41292.954,0.046180000000000006
2023-03-16,53.35,54.71,52.39,52.75,8447.41,45074.56,0.05142
2023-03-17,53.02,53.68,51.44,51.83,7056.16,36922.467,0.042952000000000004
2023-03-20,51.83,55.99,50.35,54.1,18497.28,99507.103,0.11259499999999999
2023-03-21,54.0,58.99,53.59,57.88,20311.13,114584.967,0.123636
2023-03-22,57.87,63.99,57.87,60.79,19627.65,119125.369,0.119476
2023-03-23,63.0,69.86,63.0,67.8,47727.26,317572.245,0.290522
2023-03-24,66.0,68.8,62.37,64.57,21651.49,140234.938,0.131795
2023-03-27,65.28,74.4,65.15,71.24,29770.75,207376.018,0.181218
2023-03-28,70.87,73.88,68.25,68.32,22647.0,159918.581,0.137855
2023-03-29,68.81,69.36,63.52,66.01,21636.79,142224.043,0.131706
2023-03-30,66.96,66.96,63.16,63.46,8246.46,53326.784,0.050197000000000006
2023-03-31,64.11,65.48,62.15,63.65,8737.0,55605.05,0.053183
2023-04-03,63.8,64.1,61.01,61.93,12105.01,75075.364,0.073685
2023-04-04,61.73,61.89,57.6,58.2,16818.0,99325.296,0.10237299999999999
2023-04-06,58.8,58.8,56.59,56.73,14276.0,82308.645,0.08689999999999999
2023-04-07,56.66,63.85,56.57,62.51,28572.98,174561.323,0.17392700000000003
2023-04-10,63.0,66.7,61.2,61.43,23974.1,153142.156,0.14593299999999998
2023-04-11,61.4,62.73,58.57,59.2,17589.36,105768.664,0.107069
2023-04-12,59.0,59.9,57.51,58.07,11950.01,69752.662,0.072741
2023-04-13,58.09,64.31,56.66,64.31,33854.28,208697.819,0.206075
2023-04-14,66.35,72.8,63.89,64.28,50295.12,341810.274,0.30615200000000004
2023-04-17,63.5,63.95,60.82,60.83,26242.86,162840.183,0.159743
2023-04-18,60.51,62.44,59.63,60.51,20086.61,122754.557,0.12227
2023-04-19,60.99,61.65,59.38,59.99,14605.31,87624.445,0.088904
2023-04-20,59.79,63.88,58.56,60.98,21884.01,133716.998,0.133211
2023-04-21,60.67,63.49,59.05,59.94,21122.53,128472.393,0.128575
2023-04-24,59.4,60.03,54.0,54.47,24664.99,136924.534,0.150139
2023-04-25,54.98,55.05,52.67,54.0,13943.24,74815.74,0.08487399999999999
2023-04-26,53.99,56.95,53.84,54.4,15198.88,84022.931,0.092517
2023-04-27,53.62,58.88,53.62,56.98,19635.02,111359.306,0.119521
2023-04-28,56.08,59.06,55.97,58.83,17597.86,101249.223,0.10711999999999999
2023-05-04,59.69,61.77,58.35,59.27,14003.35,83552.841,0.08524
2023-05-05,61.94,66.4,60.3,63.14,37678.24,238143.512,0.22935199999999997
2023-05-08,61.34,61.98,57.95,61.3,29882.88,178805.75,0.181901
2023-05-09,60.2,60.69,56.21,56.3,22971.11,133526.476,0.13982799999999998
2023-05-10,56.3,57.63,54.8,56.84,15445.27,86395.457,0.094017
2023-05-11,56.01,61.0,55.43,59.01,28306.1,167058.3,0.163383
2023-05-12,58.96,59.7,57.01,57.2,16120.14,93329.345,0.093046
2023-05-15,57.2,58.3,56.14,58.1,13454.89,77199.515,0.07766200000000001
2023-05-16,57.96,59.33,57.36,58.58,17050.4,99591.314,0.098415
2023-05-17,58.45,58.55,57.0,57.71,13882.78,80048.706,0.080131
2023-05-18,58.6,58.6,57.2,57.89,10235.61,59129.276,0.05908
2023-05-19,57.64,58.67,56.71,57.12,11332.34,65185.383,0.06541000000000001
2023-05-22,57.04,58.6,57.0,57.69,11259.72,65019.82,0.06499100000000001
2023-05-23,57.69,60.77,57.67,60.3,24455.21,146037.242,0.141156
2023-05-24,59.31,59.4,56.44,57.28,21519.12,123198.986,0.124208
2023-05-25,57.0,57.18,55.5,55.89,12485.25,70092.219,0.072065
2023-05-26,55.89,56.43,55.21,55.55,9347.39,52033.395,0.053953
2023-05-29,55.61,56.3,54.02,54.49,12456.94,68246.517,0.071902
2023-05-30,54.58,55.56,52.7,53.52,15554.95,83947.441,0.089783
2023-05-31,53.65,56.67,53.65,54.9,27942.17,154674.504,0.161282
2023-06-01,54.17,58.76,54.17,57.01,34403.43,195276.587,0.198577
2023-06-02,57.1,59.4,55.91,57.6,26887.96,154811.642,0.155197
2023-06-05,57.11,57.54,55.9,56.7,14952.81,84202.432,0.08630800000000001
2023-06-06,56.41,57.48,55.17,55.28,11624.39,65445.425,0.067096
2023-06-07,55.04,57.32,55.01,56.95,15878.45,89821.956,0.09165100000000001
2023-06-08,56.88,56.88,54.27,54.38,14320.58,79042.079,0.08265800000000001
2023-06-09,54.51,59.6,54.22,58.09,32272.46,186451.313,0.186277
2023-06-12,57.7,58.07,56.21,56.71,17952.45,101786.543,0.10362199999999999
2023-06-13,56.91,58.2,56.56,57.35,14573.16,83443.715,0.084116
2023-06-14,58.2,59.2,57.34,58.77,22866.77,133554.444,0.131987
2023-06-15,58.77,60.78,58.01,59.7,25762.04,154094.034,0.148699
2023-06-16,59.7,59.75,58.07,59.28,17245.23,101374.25,0.09954
2023-06-19,59.28,61.72,59.0,61.15,21221.89,128629.529,0.122493
2023-06-20,60.99,64.09,59.59,59.91,29014.58,179060.54,0.16747199999999998
2023-06-21,41.78,43.8,41.0,42.2,26933.66,114769.844,0.111044
2023-06-26,41.18,44.99,41.15,43.7,27315.63,118958.796,0.11261900000000001
2023-06-27,43.46,45.6,43.29,43.8,25457.48,113488.283,0.104958
2023-06-28,43.7,44.01,42.61,43.5,13183.46,56937.652,0.05435399999999999
2023-06-29,43.09,45.52,42.63,45.23,19668.14,87255.659,0.08108900000000001
2023-06-30,44.78,46.8,44.58,44.9,14072.87,63849.53,0.058019999999999995
2023-07-03,45.0,46.2,43.7,46.12,19380.26,87103.142,0.079902
2023-07-04,45.66,47.95,45.32,46.96,17843.63,83416.889,0.073567
2023-07-05,47.18,47.4,45.0,46.28,11156.02,51457.113,0.045995
2023-07-06,46.14,46.18,44.91,45.25,7505.93,34061.743,0.030945999999999998
2023-07-07,45.02,46.29,44.2,44.33,9384.82,42414.173,0.038692000000000004
2023-07-10,44.32,44.97,44.07,44.22,4896.12,21727.842,0.020186000000000003
2023-07-11,44.1,44.82,43.4,44.55,8983.24,39584.019,0.037037
2023-07-12,44.6,45.2,43.5,43.7,8217.6,36408.294,0.03388
2023-07-13,47.0,52.44,47.0,52.44,80819.71,410841.248,0.333208
2023-07-14,50.53,57.5,50.0,54.02,81535.71,434072.741,0.33616
2023-07-17,54.02,55.89,53.22,55.23,50579.31,276347.703,0.20853100000000002
2023-07-18,56.6,57.23,51.7,51.99,51292.35,274774.362,0.211471
2023-07-19,51.01,52.04,49.16,49.88,40719.35,203972.539,0.16788
2023-07-20,50.5,52.0,48.36,48.4,30115.75,150069.188,0.124163
2023-07-21,48.07,51.28,47.73,49.1,29746.59,147545.382,0.12264099999999999
2023-07-24,48.22,51.39,48.22,49.28,27316.16,136268.348,0.112621
2023-07-25,49.58,49.89,46.97,47.07,33024.75,158375.163,0.136156
2023-07-26,47.01,48.61,46.6,47.74,22578.53,107934.205,0.093088
2023-07-27,48.61,48.61,46.37,46.53,17821.63,83899.07,0.073476
2023-07-28,46.2,46.74,45.7,46.34,12678.04,58467.173,0.052270000000000004
2023-07-31,46.34,47.3,45.0,45.52,18935.26,87363.19,0.078067
2023-08-01,45.45,46.53,44.95,45.22,16663.96,76306.666,0.068703
2023-08-02,45.01,45.15,43.74,44.15,13113.37,57973.656,0.054065
2023-08-03,44.36,46.45,44.35,45.98,24431.18,111758.272,0.100726
2023-08-04,45.21,45.78,44.53,44.88,17787.3,80097.194,0.073335
2023-08-07,44.56,44.56,43.45,44.15,11158.38,48824.788,0.046003999999999996
2023-08-08,43.99,45.55,43.51,45.55,20257.37,90853.465,0.08351800000000001
2023-08-09,46.6,49.88,45.55,48.8,55592.13,266594.171,0.22919899999999999
2023-08-10,47.37,48.14,46.03,46.99,37729.49,177415.658,0.155553
2023-08-11,46.34,51.77,46.34,51.03,62995.44,313530.991,0.25972100000000004
2023-08-14,50.01,50.9,48.45,49.73,44766.84,220713.385,0.184567
2023-08-15,48.92,49.47,46.77,49.05,38100.73,183688.615,0.157084
2023-08-16,48.29,50.98,48.29,49.69,40994.56,205235.459,0.169015
2023-08-17,48.8,49.69,47.05,47.83,30489.29,146296.116,0.125703
2023-08-18,47.77,48.48,45.99,46.09,21439.97,100249.058,0.088394
2023-08-21,46.33,47.08,45.5,46.26,12802.2,59195.378,0.052782
2023-08-22,46.36,46.63,44.51,45.66,15634.15,71082.344,0.064457
2023-08-23,45.5,46.11,43.92,44.24,14868.81,66713.74,0.061302
2023-08-24,44.31,46.52,43.56,45.82,17595.31,79603.695,0.072543
2023-08-25,45.45,46.4,44.4,44.8,17368.44,78543.527,0.071608
2023-08-28,48.1,48.19,41.51,41.88,33228.64,147059.502,0.136997
2023-08-29,41.58,44.5,41.58,43.29,26625.67,115643.179,0.109774
2023-08-30,43.01,44.88,43.01,44.34,14449.71,63665.069,0.059573999999999995
2023-08-31,43.77,45.0,43.25,44.71,12158.01,53762.005,0.050126
2023-09-01,44.5,44.8,43.13,43.23,11965.4,52256.027,0.049332
2023-09-04,43.71,43.81,43.11,43.43,9092.8,39460.578,0.037488
2023-09-05,43.42,43.77,42.76,43.04,8418.81,36299.648,0.03471
2023-09-06,43.05,43.13,42.22,42.7,6999.0,29794.387,0.028856000000000003
2023-09-07,42.5,42.62,41.5,41.58,8222.31,34453.485,0.033899
2023-09-08,41.49,42.18,41.37,41.61,6865.61,28614.643,0.028306
2023-09-11,41.69,43.18,41.26,42.54,13482.73,57308.395,0.055587
2023-09-12,42.6,42.9,42.12,42.28,8055.34,34202.228,0.033211
2023-09-13,42.01,42.4,41.02,41.47,7791.27,32332.124,0.032122000000000005
2023-09-14,41.54,41.76,40.84,41.25,8237.27,33967.076,0.033961
2023-09-15,41.56,43.5,40.81,42.89,18311.92,78243.775,0.07549800000000001
2023-09-18,42.99,44.19,42.7,43.71,13614.72,59428.538,0.056132
2023-09-19,43.27,44.56,43.02,43.2,10935.29,47816.789,0.045085
2023-09-20,43.0,44.44,42.8,43.24,8919.97,38828.246,0.036776
2023-09-21,43.01,43.22,41.93,42.07,7109.14,30169.732,0.02931
2023-09-22,42.04,45.37,42.04,45.2,27512.8,121166.981,0.113431
2023-09-25,44.4,45.3,43.58,44.93,20744.93,92360.652,0.08552799999999999
2023-09-26,44.72,44.72,43.43,43.6,12241.2,53881.555,0.050469
2023-09-27,43.8,46.5,43.8,45.86,30300.66,138336.805,0.124925
2023-09-28,45.9,47.5,45.09,46.83,30354.15,140301.708,0.125146
2023-10-09,46.01,46.09,44.71,45.6,20812.05,94259.546,0.085805
2023-10-10,45.01,45.4,43.85,44.03,13740.37,60905.264,0.05665
2023-10-11,44.23,47.52,43.95,46.11,27844.87,128537.919,0.114801
2023-10-12,46.53,47.14,44.53,45.32,22112.49,100975.299,0.091167
2023-10-13,45.0,46.2,44.84,45.6,16980.44,77439.401,0.070008
2023-10-16,45.26,46.16,44.18,44.61,14864.4,67024.07,0.061284
2023-10-17,44.26,44.29,42.7,43.44,16445.05,71226.962,0.067801
2023-10-18,43.1,43.29,41.91,42.07,10099.35,42673.136,0.041638
2023-10-19,41.76,41.92,41.0,41.1,8679.84,35879.877,0.035786
2023-10-20,41.1,41.1,39.16,39.23,10749.34,42962.282,0.044317999999999996
2023-10-23,39.5,39.5,37.8,38.07,8554.27,32721.634,0.035268
2023-10-24,38.07,39.23,37.85,38.8,8270.71,31962.305,0.034099
2023-10-25,39.1,39.48,38.48,39.22,10653.48,41464.731,0.043923
2023-10-26,38.0,38.0,35.91,36.95,14706.62,54049.754,0.060633
2023-10-27,36.8,38.9,36.1,38.63,14328.46,53981.124,0.059074
2023-10-30,38.26,39.99,38.26,39.65,13637.1,53815.369,0.056223999999999996
2023-10-31,39.37,42.1,38.89,40.21,23657.47,96295.105,0.09753600000000001
2023-11-01,40.02,40.32,39.18,39.82,13013.17,51643.003,0.021918000000000003
2023-11-02,39.74,40.2,38.89,38.98,12305.43,48393.557,0.020726
2023-11-03,38.92,39.45,38.53,38.93,10531.8,41044.086,0.017739
2023-11-06,39.5,41.66,39.38,40.85,23368.13,95118.253,0.039359000000000005
2023-11-07,40.72,41.0,39.48,39.88,19347.33,77586.61,0.032587000000000005
2023-11-08,39.75,40.83,39.51,40.26,16993.23,68477.132,0.028622
2023-11-09,39.9,41.0,39.57,39.79,13050.8,52233.387,0.021981999999999998
2023-11-10,39.78,39.99,38.71,39.6,7408.85,29301.729,0.012479
2023-11-13,39.49,39.9,39.17,39.47,8077.17,31805.401,0.013604
2023-11-14,39.5,39.99,39.24,39.85,7817.7,30922.181,0.013167
2023-11-15,40.64,41.4,39.53,39.87,12756.96,51240.194,0.021487
2023-11-16,39.67,39.99,39.06,39.1,8572.68,33743.358,0.014439
2023-11-17,39.21,39.53,38.8,39.42,6653.6,26079.255,0.011207
2023-11-20,39.58,40.32,39.38,40.19,14442.47,57666.412,0.024326
2023-11-21,40.82,41.72,39.72,40.33,16367.2,66563.844,0.027566999999999998
2023-11-22,40.33,40.33,39.4,39.43,9960.16,39525.812,0.016776
2023-11-23,39.33,40.22,39.33,39.93,10509.19,41946.79,0.017701
2023-11-24,40.55,40.55,38.86,39.47,10082.69,39791.292,0.016982
2023-11-27,39.49,39.66,38.55,38.59,9399.73,36599.69,0.015832
2023-11-28,38.64,40.09,37.9,39.66,15269.63,60198.948,0.025719
2023-11-29,39.66,39.73,38.75,38.77,7573.98,29630.824,0.012757000000000001
2023-11-30,38.77,38.93,37.93,38.4,9800.8,37526.333,0.016508000000000002
2023-12-01,38.42,38.9,38.31,38.69,6909.4,26674.978,0.011637999999999999
2023-12-04,38.69,39.01,37.2,37.24,14131.0,53248.036,0.023801000000000003
2023-12-05,37.02,38.06,36.85,36.85,9863.8,36658.476,0.016614
2023-12-06,36.72,37.57,36.53,36.85,8844.2,32752.337,0.014896
2023-12-07,37.42,37.42,36.36,36.55,7724.77,28280.957,0.013011
2023-12-08,36.56,38.69,36.13,37.65,18539.59,69347.496,0.031225999999999997
2023-12-11,37.42,38.7,36.31,38.53,20620.96,77045.355,0.034732
2023-12-12,38.5,38.88,37.8,38.64,14925.65,57221.716,0.025139
2023-12-13,38.7,40.65,37.19,37.27,36370.83,141789.724,0.06126
2023-12-14,37.22,40.2,37.22,38.66,42784.65,165898.376,0.072062
2023-12-15,37.89,37.99,36.3,36.65,31708.1,117066.229,0.053406
2023-12-18,36.3,36.39,35.23,35.32,18038.6,64327.506,0.030383
2023-12-19,35.31,35.46,34.28,35.13,13084.49,45556.241,0.022038000000000002
2023-12-20,35.16,35.79,34.79,34.85,8534.62,30048.581,0.014375
2023-12-21,34.9,35.06,34.01,34.73,8343.2,28868.194,0.014052
2023-12-22,36.13,36.36,34.2,34.98,25775.04,91217.622,0.04341300000000001
2023-12-25,34.05,34.96,33.85,33.93,15421.17,52798.465,0.025974
2023-12-26,34.2,34.41,33.56,33.6,11172.25,37892.539,0.018817
2023-12-27,33.62,33.99,33.25,33.98,9138.26,30806.045,0.015392
2023-12-28,33.95,35.52,33.63,35.39,18612.3,64788.151,0.031349
2023-12-29,35.3,36.18,35.27,35.8,12591.89,45229.45,0.021209
2024-01-02,35.67,35.93,34.87,35.11,9377.85,32977.986,0.015795
2024-01-03,34.94,35.65,34.51,34.76,8348.4,29161.485,0.014060999999999999
2024-01-04,34.98,35.27,34.3,35.0,8274.86,28838.193,0.013937
2024-01-05,34.97,35.38,33.95,34.2,8349.46,28875.735,0.014063
2024-01-08,34.22,34.3,33.03,33.09,7155.55,23976.417,0.012052
2024-01-09,33.09,34.25,33.09,33.43,8775.5,29530.929,0.014780999999999999
2024-01-10,33.3,33.96,32.61,33.04,8031.32,26710.934,0.013527
2024-01-11,33.99,35.97,33.36,33.94,13979.59,47613.537,0.023546
2024-01-12,34.2,34.21,33.2,33.28,8733.7,29400.971,0.01471
2024-01-15,33.04,33.65,32.94,33.12,5971.9,19832.679,0.010059
2024-01-16,33.13,33.26,31.91,32.53,8495.33,27607.497,0.014309
2024-01-17,32.43,32.6,31.0,31.07,9776.68,30922.18,0.016467
2024-01-18,30.67,31.22,30.05,31.06,9878.85,30187.481,0.016639
2024-01-19,31.2,31.44,30.4,30.5,6169.55,19064.63,0.010391
2024-01-22,30.4,30.58,28.13,28.41,13810.45,40707.378,0.023260999999999997
2024-01-23,28.28,28.8,28.19,28.69,8509.07,24284.537,0.014332000000000001
2024-01-24,29.02,29.8,27.96,29.0,8427.38,24346.638,0.014194
2024-01-25,29.55,34.8,29.5,34.8,45516.9,149809.807,0.07666400000000001
2024-01-26,36.0,38.0,33.61,33.72,71100.58,254044.636,0.119755
2024-01-29,31.75,34.31,31.01,31.2,49382.66,159158.7,0.08317500000000001
2024-01-30,31.02,31.02,29.62,29.66,26520.59,79540.837,0.044669
2024-01-31,29.9,30.0,26.3,26.32,30192.1,83665.529,0.050853
2024-02-01,26.5,30.98,26.5,28.03,39900.67,113827.757,0.067205
2024-02-02,27.38,28.87,24.47,25.94,38559.27,102644.009,0.064946
2024-02-05,25.86,25.86,22.44,23.25,32255.21,76763.509,0.054328
2024-02-06,22.56,24.8,21.16,24.0,29065.69,67161.166,0.048955
2024-02-07,23.7,25.87,22.88,23.25,32573.81,78150.843,0.054863999999999996
2024-02-08,23.92,25.3,22.18,25.1,34286.46,82234.498,0.057748999999999995
2024-02-19,25.0,27.0,24.99,26.56,37809.72,98850.853,0.06368299999999999
2024-02-20,26.96,30.64,26.2,28.5,55977.38,159727.951,0.094283
2024-02-21,27.51,28.58,26.88,28.03,43204.0,119814.459,0.072769
2024-02-22,27.74,28.6,27.55,28.6,31345.72,88546.355,0.052796
2024-02-23,28.55,29.38,28.35,29.35,33648.73,96999.056,0.056675
2024-02-26,29.0,29.79,28.39,29.18,35043.57,101645.904,0.059024
2024-02-27,28.8,29.7,28.72,29.7,31507.08,92188.615,0.053068
2024-02-28,30.0,31.68,27.41,27.52,49054.71,146391.95,0.082623
2024-02-29,27.08,28.86,27.0,28.37,36934.88,103994.753,0.06221
2024-03-01,28.4,28.49,27.55,28.15,27578.75,77491.864,0.046451
2024-03-04,27.8,29.69,27.68,28.86,38359.1,109815.541,0.064608
2024-03-05,28.38,28.4,27.36,27.56,26888.12,74776.777,0.045288
2024-03-06,27.56,27.99,27.08,27.55,17780.2,48865.487,0.029946999999999998
2024-03-07,27.26,27.67,26.61,27.0,20797.41,56525.378,0.035029
2024-03-08,27.38,27.5,26.69,27.3,15275.29,41447.729,0.025728
2024-03-11,27.14,28.1,26.88,28.1,21440.3,59099.931,0.036112000000000005
2024-03-12,28.7,31.22,28.61,30.35,55845.61,166619.614,0.094061
2024-03-13,29.93,36.42,29.42,36.42,105543.1,355096.349,0.177767
2024-03-14,41.99,43.7,37.1,40.6,162639.49,671985.295,0.273935
2024-03-15,38.33,39.75,36.46,37.37,109555.66,415743.813,0.184525
2024-03-18,40.9,44.84,40.9,44.84,129804.12,554954.835,0.21863
2024-03-19,46.91,51.72,45.08,47.7,204434.84,986249.122,0.34433100000000005
2024-03-20,46.8,54.99,45.17,50.19,179002.58,885046.612,0.301495
2024-03-21,49.47,49.5,46.41,48.37,150986.41,723541.175,0.254307
2024-03-22,46.6,47.25,45.18,45.35,97590.95,449731.543,0.164373
2024-03-25,43.8,47.26,41.77,42.13,99934.26,443414.032,0.16832
2024-03-26,40.59,41.7,39.11,41.1,94816.69,381985.024,0.1597
2024-03-27,40.32,43.48,39.9,41.11,98822.07,411959.964,0.166447
2024-03-28,39.88,42.6,39.6,41.9,81728.95,339133.098,0.137656
2024-03-29,41.2,42.88,40.95,41.1,64709.61,270491.101,0.108991
2024-04-01,41.0,43.1,40.62,42.49,67886.63,284043.153,0.114342
2024-04-02,41.35,41.39,39.34,39.65,75725.74,303644.109,0.127545
2024-04-03,39.53,39.73,37.58,37.61,50774.63,193436.809,0.08552
2024-04-08,37.76,38.09,36.11,36.12,37236.97,136668.778,0.062718
2024-04-09,36.4,37.4,35.55,37.24,45115.4,165649.362,0.075988
2024-04-10,36.8,37.29,35.42,35.76,33941.05,122749.274,0.057167
2024-04-11,35.29,36.66,35.25,35.38,29938.72,107573.562,0.050426
2024-04-12,35.5,36.26,34.87,34.87,25867.42,91308.378,0.043569000000000004
2024-04-15,34.51,35.22,32.17,32.8,51650.14,172083.602,0.086995
2024-04-16,32.49,33.5,29.41,29.53,50076.29,153602.754,0.084344
2024-04-17,29.98,32.03,29.98,31.89,50080.48,156260.734,0.08435100000000001
2024-04-18,31.95,32.34,31.07,31.73,40318.75,127916.371,0.067909
2024-04-19,31.46,31.75,30.55,30.87,30548.02,94706.042,0.051452
2024-04-22,31.19,31.56,30.01,31.24,29600.41,91921.482,0.049856
2024-04-23,31.08,31.98,30.55,31.7,39607.76,124245.747,0.066712
2024-04-24,30.8,31.32,29.1,31.23,46586.26,142755.35,0.078465
2024-04-25,31.06,32.69,31.05,32.47,62842.16,202088.568,0.10584500000000001
2024-04-26,31.5,34.4,31.4,33.69,71945.67,236733.311,0.12117800000000001
2024-04-29,35.1,36.36,34.3,36.1,77463.88,275511.73,0.130473
2024-04-30,34.79,35.83,34.04,34.92,65005.37,226483.302,0.109489
2024-05-06,35.1,37.0,34.82,36.96,80059.14,288784.009,0.13484400000000002
2024-05-07,36.41,36.71,35.81,36.04,58633.18,211767.266,0.09875600000000001
2024-05-08,35.8,40.0,35.3,38.25,99571.52,373851.747,0.167709
2024-05-09,41.65,42.0,37.0,37.84,99605.58,388818.094,0.16776599999999997
2024-05-10,38.45,39.4,36.35,36.61,70588.2,266662.668,0.11889200000000001
2024-05-13,38.11,38.96,34.59,34.7,72769.79,269801.875,0.12256700000000001
2024-05-14,35.92,41.64,35.2,41.64,181845.49,725044.345,0.30628299999999997
2024-05-15,38.66,39.22,36.07,36.23,147448.17,546775.362,0.248348
2024-05-16,35.7,37.17,35.02,36.77,99582.37,361454.531,0.16772700000000001
2024-05-17,36.0,36.3,35.17,35.95,69957.0,249397.501,0.117829
2024-05-20,35.5,37.33,35.26,36.92,74658.8,271199.922,0.125748
2024-05-21,36.3,37.65,36.08,36.73,53214.76,195671.773,0.08962999999999999
2024-05-22,36.83,37.72,35.88,36.08,49762.06,181886.354,0.083814
2024-05-23,35.7,36.04,33.65,33.79,58043.17,200214.695,0.09776199999999999
2024-05-24,34.1,34.83,33.37,33.82,33401.4,113894.305,0.056258
2024-05-27,34.0,35.29,33.76,34.4,32857.38,113408.697,0.055342
2024-05-28,33.78,33.8,32.31,32.49,40329.78,132594.84,0.067928
2024-05-29,32.45,32.67,32.15,32.5,22115.6,71662.348,0.037249
2024-05-30,32.43,32.48,31.77,32.31,18885.33,60686.438,0.031809
2024-05-31,32.47,33.09,32.37,32.87,22879.4,74871.243,0.038536
2024-06-03,32.59,32.84,31.86,32.35,21243.0,68438.092,0.03578
2024-06-04,31.98,32.39,31.68,32.31,22332.56,71605.077,0.037614999999999996
2024-06-05,32.36,32.77,31.67,31.83,22443.76,72122.733,0.037801999999999995
2024-06-06,31.84,32.24,29.51,29.57,50188.33,152521.853,0.08453200000000001
2024-06-07,30.3,30.42,29.59,29.93,26495.4,79482.536,0.044626
2024-06-11,29.59,30.45,29.23,30.37,19855.2,59542.689,0.033442
2024-06-12,30.3,32.0,30.28,31.62,44465.11,139037.27,0.074893
2024-06-13,31.29,31.86,31.14,31.38,27834.93,87604.196,0.046883
2024-06-14,31.29,31.31,30.6,31.0,22375.69,69036.827,0.037687
2024-06-17,30.81,30.97,30.34,30.66,14369.11,43979.916,0.024201999999999998
2024-06-18,30.89,31.25,30.55,30.75,18238.96,56271.984,0.03072
2024-06-19,30.59,31.08,30.3,30.5,16108.4,49406.415,0.027131
2024-06-20,30.87,32.46,30.87,31.11,52341.79,164967.371,0.08816
2024-06-21,23.1,25.88,22.48,25.03,80198.25,196866.896,0.104343
2024-06-24,24.18,24.18,22.5,22.71,55712.91,130075.127,0.072486
2024-06-25,21.98,23.89,21.81,22.72,45172.83,102373.835,0.058773
2024-06-26,23.62,24.46,23.0,23.84,59943.58,142455.567,0.07799
2024-06-27,23.5,23.8,22.54,22.54,43928.3,101817.941,0.057153
2024-06-28,22.18,22.95,22.12,22.52,29208.9,66269.155,0.038003
2024-07-01,22.11,22.79,21.68,22.55,31075.74,68934.554,0.040431
2024-07-02,22.76,22.85,22.0,22.28,20355.3,45683.285,0.026484
2024-07-03,21.88,23.15,21.88,22.45,28533.72,63894.42,0.037124000000000004
2024-07-04,22.46,22.58,21.56,21.71,29379.14,64192.451,0.038224
2024-07-05,21.34,23.0,21.27,22.71,40472.1,90407.392,0.052656999999999995
2024-07-08,22.73,23.1,21.7,21.85,38267.8,85848.449,0.049789
2024-07-09,21.73,22.08,20.92,21.89,39022.31,83554.208,0.05077
2024-07-10,21.64,22.3,21.39,21.47,26689.98,58133.886,0.034725
2024-07-11,21.82,22.6,21.7,22.33,36895.99,82120.568,0.048004
2024-07-12,22.58,24.48,22.33,22.73,50708.69,117997.855,0.065975
2024-07-15,22.41,22.64,21.75,21.82,33387.1,73701.298,0.043439
2024-07-16,21.82,22.29,21.59,22.24,23085.88,50592.214,0.030036
2024-07-17,22.52,22.54,21.89,21.9,22658.5,50254.814,0.02948
2024-07-18,21.87,21.87,21.27,21.67,23239.0,50139.594,0.030234999999999998
2024-07-19,21.5,22.07,21.31,21.87,19739.9,43036.151,0.025682999999999997
2024-07-22,21.88,22.4,21.72,22.2,21308.9,47172.128,0.027724000000000002
2024-07-23,22.28,22.87,21.61,22.2,40963.2,91263.914,0.053296
2024-07-24,21.6,22.06,21.11,21.22,31381.22,67566.536,0.040829000000000004
2024-07-25,21.0,21.41,20.7,20.75,21897.0,46028.163,0.028489
2024-07-26,20.81,21.18,20.75,20.91,14915.5,31241.517,0.019406
2024-07-29,21.01,21.48,20.66,21.35,21881.8,46241.015,0.02847
2024-07-30,21.35,23.72,21.0,22.48,69729.17,156504.646,0.09072200000000001
2024-07-31,21.78,23.02,21.69,22.94,56348.67,127329.0,0.073313
2024-08-01,22.88,23.41,22.79,22.91,37100.84,85366.274,0.04827
2024-08-02,23.0,24.81,22.88,23.23,83282.28,199149.053,0.10835499999999999
2024-08-05,23.1,23.9,22.69,22.72,49211.39,114705.214,0.064027
2024-08-06,23.0,24.58,22.71,24.02,65204.54,154509.681,0.084835
2024-08-07,23.77,23.8,23.38,23.6,39977.26,94238.927,0.052013
2024-08-08,23.66,24.47,23.51,23.58,61667.27,147492.923,0.08023300000000001
2024-08-09,23.04,23.49,22.36,22.41,47016.81,106977.83,0.061172000000000004
2024-08-12,22.78,23.3,22.41,23.03,42595.18,97554.667,0.055419
2024-08-13,22.66,22.94,22.01,22.62,25466.29,57493.157,0.033132999999999996
2024-08-14,22.69,22.7,22.02,22.06,21303.3,47273.962,0.027717000000000002
2024-08-15,22.13,22.53,21.78,22.1,24494.62,54235.566,0.031869
2024-08-16,21.95,22.86,21.8,22.66,32453.25,72804.943,0.042224000000000005
2024-08-19,22.47,22.59,21.71,21.73,25816.9,56715.64,0.033589
2024-08-20,21.72,21.83,21.16,21.19,15342.03,32833.718,0.019961
2024-08-21,21.26,21.35,20.9,21.0,10134.65,21408.188,0.013186
2024-08-22,21.03,21.28,20.01,20.09,22383.67,45740.914,0.029123
2024-08-23,19.99,20.23,19.68,19.86,15555.2,30974.285,0.020238
2024-08-26,19.86,20.18,19.77,20.06,9824.53,19648.074,0.012782
2024-08-27,19.91,20.37,19.74,19.74,11765.1,23492.074,0.015307
2024-08-28,19.75,20.2,19.37,19.94,12172.92,24295.3,0.015838
2024-08-29,19.85,20.46,19.76,20.38,12798.18,25938.807,0.016651
2024-08-30,20.36,20.9,20.2,20.45,19190.1,39558.41,0.024968
2024-09-02,20.31,20.59,19.94,19.98,14453.2,29195.618,0.018805000000000002
2024-09-03,19.85,20.36,19.71,20.04,13015.32,26168.94,0.016934
2024-09-04,19.91,20.32,19.86,20.07,10651.72,21412.222,0.013859
2024-09-05,19.99,20.4,19.95,20.3,12992.62,26377.484,0.016904
2024-09-06,20.32,20.41,19.64,19.64,14534.87,28928.238,0.018911
2024-09-09,19.51,20.2,19.51,19.77,14662.1,29203.802,0.019076
2024-09-10,19.97,19.97,19.4,19.86,9926.1,19476.022,0.012914000000000002
2024-09-11,19.66,20.15,19.66,19.87,9915.7,19738.249,0.012901000000000001
2024-09-12,19.85,20.24,19.66,19.66,11454.51,22880.607,0.014903
2024-09-13,19.78,19.79,18.93,18.94,18103.61,34822.655,0.023554
2024-09-18,19.05,19.42,18.41,18.6,15171.5,28396.403,0.019739
2024-09-19,18.9,19.45,18.73,19.15,19097.99,36486.512,0.024848
2024-09-20,19.1,19.1,18.63,18.79,13776.2,25980.369,0.017924
2024-09-23,19.42,19.71,18.93,18.93,31157.22,60262.851,0.040537000000000004
2024-09-24,19.01,19.57,18.8,19.56,27499.49,52757.027,0.035779
2024-09-25,19.66,20.98,19.64,20.23,47142.01,95457.829,0.061335
2024-09-26,20.01,20.5,19.72,20.5,38023.7,76339.432,0.049471
2024-09-27,20.77,22.49,20.75,22.01,53851.21,116128.643,0.070064
2024-09-30,23.84,25.77,22.45,25.15,85135.95,204347.94,0.110767
2024-10-08,29.1,29.1,25.16,28.07,94417.59,259457.88,0.122843
2024-10-09,26.74,27.0,24.0,24.09,63185.6,161377.087,0.082208
2024-10-10,26.02,28.91,26.02,27.52,192929.54,540495.514,0.251013
2024-10-11,25.72,25.89,23.07,23.6,148820.57,355313.478,0.19362500000000002
2024-10-14,22.92,23.86,22.21,23.8,89578.77,206042.898,0.116548
2024-10-15,23.49,25.0,23.3,23.85,81997.85,198576.601,0.106684
2024-10-16,23.12,24.15,23.1,23.7,44460.1,105405.713,0.05784500000000001
2024-10-17,24.14,24.4,23.36,23.64,46975.02,111974.057,0.061117
2024-10-18,23.46,25.28,23.46,24.47,69301.68,168472.817,0.09016600000000001
2024-10-21,24.33,25.72,24.3,25.46,74270.24,185762.845,0.09663000000000001
2024-10-22,25.36,26.09,25.01,25.67,70518.0,180825.791,0.091748
2024-10-23,25.21,26.85,25.0,26.0,82457.21,211940.185,0.10728199999999999
2024-10-24,26.26,27.2,25.4,25.99,111937.22,293763.319,0.14563700000000002
2024-10-25,25.1,26.33,25.1,25.88,76798.82,197866.724,0.09992000000000001
2024-10-28,25.7,25.71,25.23,25.66,66931.14,170421.094,0.08708199999999999
2024-10-29,25.88,26.25,24.9,25.15,57468.06,146167.91,0.074769
2024-10-30,24.78,25.12,23.79,24.19,55174.38,134641.119,0.071785
2024-10-31,24.28,25.5,24.1,25.0,60089.86,148407.659,0.078181
2024-11-01,24.82,25.07,23.49,23.58,54424.58,130791.162,0.07081
2024-11-04,23.51,24.64,23.47,24.37,37543.05,90988.479,0.048846
2024-11-05,24.31,25.25,23.99,25.11,46432.58,115173.103,0.060412
2024-11-06,25.05,25.58,24.64,24.84,45365.21,113730.961,0.059023000000000006
2024-11-07,24.84,25.64,24.3,25.43,52821.97,133530.844,0.068725
2024-11-08,26.0,26.28,25.3,25.35,48743.39,125022.868,0.063418
2024-11-11,25.35,26.5,25.14,26.5,64697.18,168346.895,0.084175
2024-11-12,26.91,28.38,26.51,26.98,105019.58,287856.493,0.136637
2024-11-13,29.0,32.0,27.66,27.78,185067.1,545238.569,0.240784
2024-11-14,26.75,28.78,26.12,26.97,118072.18,320961.364,0.153619
2024-11-15,26.24,29.5,26.24,27.64,108864.52,301535.413,0.141639
2024-11-18,27.5,27.5,24.34,24.61,96154.79,245147.361,0.12510300000000002
2024-11-19,24.5,25.3,24.0,25.26,52702.32,130762.61,0.068569
2024-11-20,25.26,26.99,25.15,26.46,84985.11,224291.173,0.110571
2024-11-21,26.21,26.76,25.7,26.07,56393.71,148031.698,0.073372
2024-11-22,26.04,26.44,24.83,24.88,62761.92,161332.883,0.081657
2024-11-25,27.0,27.6,25.21,25.79,74062.37,192420.366,0.09635999999999999
2024-11-26,25.3,26.92,25.3,26.23,71604.7,186139.213,0.09316200000000001
2024-11-27,25.77,26.05,24.72,25.98,58903.8,150158.839,0.07663700000000001
2024-11-28,25.8,26.12,25.21,25.3,44410.19,113715.104,0.05778
2024-11-29,25.13,25.78,25.0,25.58,42370.1,107967.262,0.055126
2024-12-02,25.69,26.42,25.35,26.4,49697.27,129265.35,0.06465900000000001
2024-12-03,26.35,26.38,25.61,25.98,41868.32,108988.338,0.054473
2024-12-04,26.0,26.2,25.35,25.81,39447.2,101614.45,0.051323
2024-12-05,25.7,27.49,25.52,27.28,93613.75,251431.7,0.121797
2024-12-06,27.92,29.49,27.38,28.18,103293.11,291459.201,0.134391
2024-12-09,29.5,30.2,27.5,28.0,118244.01,341464.965,0.153843
2024-12-10,28.53,28.98,27.7,27.8,89572.58,252715.416,0.116539
2024-12-11,28.33,28.6,27.28,27.51,55319.24,153467.307,0.071974
2024-12-12,27.54,27.79,27.0,27.46,49005.87,134457.17,0.06376
2024-12-13,27.2,27.69,26.95,26.98,40648.75,110971.327,0.052887
2024-12-16,26.84,27.95,26.84,27.62,54059.56,149119.042,0.070335
2024-12-17,27.47,27.47,26.21,27.0,44871.32,120105.229,0.05838
2024-12-18,26.65,27.95,26.32,27.35,36081.5,98355.643,0.046944
2024-12-19,27.09,27.33,26.71,27.23,27974.16,75614.78,0.036396000000000005
2024-12-20,26.96,28.5,26.83,28.07,47584.62,132328.38,0.061910999999999994
2024-12-23,28.9,29.9,26.86,26.86,53237.14,149010.291,0.069265
2024-12-24,27.2,28.9,26.65,28.81,78862.12,222598.858,0.102604
2024-12-25,30.0,30.58,28.59,28.59,102716.7,303717.414,0.133641
2024-12-26,27.32,28.36,27.2,28.15,62186.17,172830.489,0.080908
2024-12-27,27.86,28.57,27.51,28.52,48789.28,137124.3,0.063478
2024-12-30,28.25,28.3,27.32,27.44,38718.55,107129.173,0.050374999999999996
2024-12-31,27.4,27.44,25.2,25.52,48740.38,128060.829,0.063414
2025-01-02,25.39,26.38,25.0,25.41,34935.08,89747.824,0.045453
2025-01-03,25.56,25.7,24.41,25.0,32635.62,81185.76,0.042461
2025-01-06,25.2,26.4,24.55,25.56,36421.46,92522.688,0.047387
2025-01-07,24.99,25.12,23.2,24.5,45896.08,110896.418,0.059714
2025-01-08,24.16,24.79,23.7,24.2,23574.22,57333.887,0.030672
2025-01-09,23.88,25.51,23.88,24.57,31502.9,78094.883,0.040987
2025-01-10,24.34,24.68,23.1,23.1,25738.8,61302.672,0.033488000000000004
2025-01-13,23.18,23.36,22.28,22.89,14074.5,32123.834,0.018312
2025-01-14,22.99,24.99,22.99,24.8,33947.9,81733.413,0.044168000000000006
2025-01-15,24.8,25.14,24.22,24.6,30906.04,76553.741,0.040211
2025-01-16,24.36,24.95,23.81,24.21,24400.9,59506.724,0.031747
2025-01-17,23.98,24.36,23.82,24.01,16655.1,40084.26,0.021669
2025-01-20,24.2,24.71,24.0,24.55,20326.0,49704.769,0.026445
2025-01-21,24.3,24.64,23.5,24.24,24571.4,58888.989,0.031969
2025-01-22,24.49,25.15,23.81,23.86,28350.6,69454.304,0.036886
2025-01-23,24.39,25.66,24.32,24.59,39214.16,97818.782,0.05102
2025-01-24,24.36,25.9,24.36,25.69,43002.28,108584.231,0.055949
2025-01-27,26.5,27.39,25.4,25.78,39057.74,103583.09,0.050816999999999994
2025-02-05,26.62,27.39,26.61,26.76,48951.7,131858.241,0.063689
2025-02-06,26.4,29.49,26.4,29.01,94080.21,267656.991,0.122404
2025-02-07,29.0,30.96,28.65,30.03,109946.16,326103.063,0.143047
2025-02-10,30.52,33.54,30.04,32.74,156068.68,501264.187,0.20305499999999999
2025-02-11,31.8,32.58,31.2,32.17,77357.16,247761.733,0.100646
2025-02-12,31.98,33.0,31.13,31.77,66666.0,212145.115,0.08673700000000001
2025-02-13,31.65,31.65,30.38,30.78,57619.36,178295.47,0.074966
2025-02-14,31.09,36.94,31.09,36.94,141099.69,488798.553,0.18357900000000002
2025-02-17,39.74,44.33,39.59,44.33,239671.9,1028268.305,0.311828
2025-02-18,43.01,45.4,38.0,39.52,240398.33,989310.238,0.312773
2025-02-19,38.98,40.8,37.76,39.42,190748.38,749861.698,0.24817499999999998
2025-02-20,38.22,41.56,38.22,39.23,155733.94,620376.055,0.202619
2025-02-21,38.0,40.98,37.8,40.3,139797.79,546230.392,0.18188600000000002
2025-02-24,39.35,39.78,37.55,38.76,106892.97,411937.676,0.139074
2025-02-25,37.26,38.6,36.7,37.8,91535.17,345553.16,0.119093
2025-02-26,38.12,38.49,36.89,37.4,83795.37,312527.825,0.10902300000000001
2025-02-27,37.15,37.68,35.6,36.23,76575.89,279325.937,0.09963
2025-02-28,35.93,36.66,33.8,34.16,61504.41,216482.68,0.08002100000000001
2025-03-03,34.5,36.56,33.77,35.54,84070.76,300028.625,0.109381
2025-03-04,34.7,37.12,34.6,36.42,80501.41,291901.536,0.104737
2025-03-05,36.25,36.4,35.08,35.94,56639.07,201959.134,0.073691
2025-03-06,35.91,37.43,35.91,37.16,87343.64,322544.539,0.11363899999999999
2025-03-07,36.7,37.25,35.59,35.94,56695.83,206075.498,0.073765
2025-03-10,38.28,39.18,35.75,36.0,127100.04,471896.184,0.165365
2025-03-11,34.19,35.76,34.19,34.95,70901.64,248212.693,0.09224700000000001
2025-03-12,34.95,35.61,34.79,34.93,54142.3,190250.861,0.070442
2025-03-13,34.83,35.1,33.4,33.9,50276.92,171183.655,0.065413
2025-03-14,33.61,34.11,33.1,33.95,42567.3,143550.402,0.055382999999999995
2025-03-17,33.8,34.0,33.0,33.65,36467.91,122103.123,0.047446999999999996
2025-03-18,33.82,34.71,33.61,34.04,40207.84,137377.625,0.052313
2025-03-19,33.8,34.55,33.58,33.94,33689.68,114590.736,0.043832
2025-03-20,33.63,34.39,33.35,33.88,29268.9,99405.311,0.038081000000000004
2025-03-21,33.7,34.01,32.35,32.5,34283.26,113189.976,0.044605
2025-03-24,32.17,32.7,31.01,31.82,31851.68,100968.713,0.041441
2025-03-25,31.72,31.8,30.68,30.9,41462.3,129074.261,0.053945
2025-03-26,30.7,31.3,30.53,30.9,28412.94,87586.042,0.036967
2025-03-27,30.6,31.99,30.28,31.59,39483.33,123589.122,0.05137
2025-03-28,31.88,32.67,31.33,31.33,48030.0,153368.221,0.06249
2025-03-31,30.78,31.27,30.2,30.92,38369.91,117634.717,0.049922
2025-04-01,30.95,33.58,30.95,32.11,80228.1,260790.114,0.104382
2025-04-02,32.13,32.8,31.7,32.25,46665.22,150952.115,0.060714
2025-04-03,31.89,33.0,31.44,31.52,40351.9,129473.808,0.0525
2025-04-07,29.36,30.3,25.22,25.22,57440.94,154708.76,0.074734
2025-04-08,25.32,26.59,24.45,25.5,53696.95,136435.978,0.069863
2025-04-09,24.66,25.6,22.21,25.4,70317.9,169877.888,0.091488
2025-04-10,25.82,26.87,25.82,26.21,52026.45,137751.399,0.06769
2025-04-11,28.43,30.89,27.25,27.49,132457.76,376678.009,0.172336
2025-04-14,27.3,28.12,27.25,27.58,93633.3,259004.497,0.121823
2025-04-15,27.57,27.98,27.2,27.42,49402.79,136068.489,0.064276
2025-04-16,27.2,27.48,26.22,26.56,45202.71,120932.357,0.058811999999999996
2025-04-17,26.33,26.93,26.22,26.36,28135.1,74878.208,0.036606
2025-04-18,26.59,27.18,25.74,25.92,49496.16,129699.095,0.064398
2025-04-21,25.81,26.73,25.65,26.7,35154.86,92787.379,0.045739
2025-04-22,26.6,26.95,26.26,26.63,29360.6,78052.967,0.0382
2025-04-23,26.73,27.38,26.68,27.08,33032.56,89272.174,0.042977
2025-04-24,27.0,28.68,26.89,27.35,72047.58,200377.076,0.09373799999999999
2025-04-25,29.78,30.5,28.18,28.25,122803.14,356389.135,0.159774
2025-04-28,27.1,27.5,26.5,26.71,89979.06,241641.436,0.11706799999999999
2025-04-29,27.7,30.46,27.7,29.34,137832.8,396867.687,0.179329
2025-04-30,30.33,30.5,29.1,29.63,98104.33,290835.592,0.12764
2025-05-06,30.01,31.0,29.45,30.88,88812.51,269521.591,0.115551
2025-05-07,30.8,31.17,29.82,30.16,78846.62,239815.189,0.102584
2025-05-08,30.17,31.19,30.17,30.42,74604.7,229473.889,0.097065
2025-05-09,30.36,30.49,29.4,29.54,43950.24,131138.846,0.057182000000000004
2025-05-12,29.58,30.15,29.23,29.68,45854.42,135800.7,0.059659000000000004
2025-05-13,29.9,30.44,29.68,30.26,67195.0,202171.773,0.087425
2025-05-14,30.05,30.27,29.61,30.1,46918.8,140590.881,0.061044
2025-05-15,29.84,30.21,29.36,29.44,34007.02,100862.583,0.044245
2025-05-16,29.3,30.0,29.01,29.75,34389.42,102070.688,0.044743000000000005
2025-05-19,29.81,30.07,29.1,29.98,32520.2,96333.65,0.042310999999999994
2025-05-20,29.98,30.65,29.95,30.28,43654.8,132098.542,0.056798
2025-05-21,30.27,31.0,29.82,30.3,55017.0,167433.769,0.071581
2025-05-22,30.0,30.6,29.4,29.76,45606.0,136403.996,0.059336
2025-05-23,29.56,33.38,29.56,32.06,151778.36,479957.055,0.19747299999999998
2025-05-26,32.19,32.19,30.53,31.04,95266.52,295054.284,0.123948
2025-05-27,30.9,31.98,30.37,31.45,92392.48,290177.239,0.120208
2025-05-28,31.06,31.38,29.91,30.14,74085.76,225644.462,0.09638999999999999
2025-05-29,29.84,33.2,29.7,32.68,124961.03,399726.035,0.16258199999999998
2025-05-30,32.39,33.0,32.02,32.44,106941.8,347346.214,0.139138
2025-06-03,32.0,33.97,31.8,33.5,120988.0,402188.244,0.157413
2025-06-04,33.39,34.97,33.39,34.97,132140.21,452620.39,0.171923
2025-06-05,34.3,34.4,32.76,33.01,120186.15,402387.077,0.15637
2025-06-06,32.58,33.49,32.35,32.95,72151.73,237083.044,0.093874
2025-06-09,32.89,34.77,32.71,33.9,105738.25,359827.077,0.137572
2025-06-10,33.74,35.7,33.74,34.06,160173.8,554100.232,0.208396
2025-06-11,34.54,34.68,33.67,34.26,85025.71,290080.531,0.110624
2025-06-12,34.01,35.18,34.01,34.9,91848.0,316916.062,0.1195
2025-06-13,34.6,35.08,32.81,32.98,88839.4,298184.367,0.11558600000000001
2025-06-16,35.01,36.82,34.28,34.44,162832.28,575460.456,0.21185500000000002
2025-06-17,35.05,35.4,33.13,33.39,131849.46,449880.154,0.171544
2025-06-18,32.25,32.95,31.82,32.06,84667.26,273015.619,0.110157
2025-06-19,31.94,32.25,30.81,31.0,56576.39,177868.461,0.073609
2025-06-20,30.75,31.33,30.6,30.6,38237.42,118096.858,0.049749
2025-06-23,30.3,31.4,30.3,31.25,38483.49,118950.378,0.050069
2025-06-24,31.26,31.84,31.23,31.64,38450.3,121303.964,0.050026
2025-06-25,31.64,32.06,31.18,31.93,43625.9,138142.731,0.056760000000000005
2025-06-26,31.75,32.2,31.11,31.57,43472.68,137782.961,0.056561
2025-06-27,31.57,33.74,31.46,33.09,83282.59,273916.636,0.108356
2025-06-30,33.09,34.42,32.63,34.42,69489.63,233445.377,0.09041
2025-07-01,35.0,35.0,33.8,34.41,70664.9,242550.576,0.09193899999999999
2025-07-02,33.93,34.34,33.23,33.52,45010.4,151611.5,0.058560999999999995
2025-07-03,33.5,34.3,33.3,34.12,45507.0,154505.157,0.059207
2025-07-04,33.99,34.69,33.65,33.89,57199.23,194908.82,0.07442
2025-07-07,33.96,34.11,33.2,33.43,36275.0,121844.858,0.047195999999999995
2025-07-08,33.99,35.58,33.8,35.15,104694.94,366018.958,0.136215
2025-07-09,34.66,36.15,33.85,35.21,122182.7,428952.074,0.158967
2025-07-10,34.89,36.09,34.63,35.46,69003.3,244954.684,0.089778
2025-07-11,35.35,36.13,35.16,35.83,70118.0,250301.817,0.091228
2025-07-14,35.83,39.7,35.83,39.44,172136.57,655165.782,0.22396000000000002
2025-07-15,38.28,39.88,36.5,39.48,161712.14,613796.942,0.210397
2025-07-16,38.27,38.7,36.6,36.68,127689.1,474198.565,0.166131
2025-07-17,36.76,39.35,36.35,38.63,147932.51,567122.618,0.192469
2025-07-18,38.25,38.45,37.07,37.48,108712.9,408021.565,0.14144199999999998
2025-07-21,37.2,37.88,36.8,37.3,78542.9,292968.602,0.102189
2025-07-22,37.3,39.0,37.0,37.52,124211.05,472559.291,0.161606
2025-07-23,36.8,38.59,36.4,37.62,107696.65,406895.212,0.14012
2025-07-24,37.38,38.8,37.24,37.57,90517.31,341395.553,0.117769
2025-07-25,37.57,39.2,37.22,38.31,146985.52,566184.139,0.191237
2025-07-28,38.24,38.94,37.41,38.68,101583.3,387076.949,0.132166
2025-07-29,38.6,41.25,37.91,40.87,169133.06,679448.142,0.22005299999999997
2025-07-30,39.91,40.5,38.39,39.43,116725.4,462018.735,0.151867
2025-07-31,38.9,40.16,38.44,38.87,90816.48,356216.195,0.118158
2025-08-01,38.92,40.23,37.9,37.91,80547.82,315323.259,0.10479799999999999
2025-08-04,37.06,38.5,36.02,38.42,86541.76,323040.493,0.112596
2025-08-05,38.3,38.73,37.48,37.84,60641.64,229945.759,0.078899
2025-08-06,41.26,44.22,38.8,38.95,217441.89,891581.114,0.282905
2025-08-07,39.0,40.5,37.12,37.5,176599.14,681290.911,0.22976600000000003
2025-08-08,36.76,37.2,35.7,36.06,114626.07,415615.773,0.14913600000000002
2025-08-11,36.0,37.43,35.8,37.23,80206.61,294933.111,0.104354
2025-08-12,37.77,38.2,36.5,36.95,62389.59,231168.644,0.081173
2025-08-13,36.83,37.65,36.44,37.42,76422.15,283818.85,0.09942999999999999
2025-08-14,37.3,39.9,36.88,38.94,147262.95,567341.915,0.19159800000000002
2025-08-15,38.4,40.08,37.85,39.67,123209.6,480870.089,0.160303
2025-08-18,39.67,40.18,39.02,39.97,97942.85,389128.135,0.12743000000000002
2025-08-19,39.9,40.87,39.65,39.77,99656.89,400841.487,0.12966
2025-08-20,39.21,40.09,38.5,39.55,75162.31,295632.852,0.097791
2025-08-21,39.45,40.09,38.9,39.41,62730.93,247350.671,0.081617
2025-08-22,39.45,40.49,39.15,39.49,84837.47,336373.043,0.110379
2025-08-25,39.45,41.95,39.19,41.34,123501.72,500728.493,0.16068300000000002
2025-08-26,40.8,41.26,40.16,40.26,85733.15,347420.109,0.111544
2025-08-27,41.5,41.5,37.82,37.93,125574.2,498292.365,0.16338
2025-08-28,38.0,39.05,36.2,37.55,89865.1,338572.981,0.11692
2025-08-29,37.73,38.71,36.9,37.89,80071.13,302341.986,0.104177
2025-09-01,37.71,39.1,37.4,38.75,74495.54,287646.909,0.096923
2025-09-02,38.64,38.99,36.98,37.52,58839.56,222907.929,0.076554
2025-09-03,37.75,39.15,37.44,38.15,74965.05,287882.601,0.097534
2025-09-04,38.49,39.36,36.05,36.71,73033.67,276142.503,0.09502100000000001
2025-09-05,36.6,38.19,36.48,37.89,58958.6,220778.594,0.076709
2025-09-08,37.88,38.59,37.6,38.25,43846.01,167096.176,0.057046
2025-09-09,38.08,38.48,36.2,36.7,71592.2,265720.282,0.093146
2025-09-10,36.68,37.74,36.01,36.51,49189.38,180883.24,0.063998
2025-09-11,35.58,37.06,34.12,36.91,66659.38,239624.352,0.086728
2025-09-12,37.17,37.98,36.4,37.3,58430.61,217749.756,0.07602199999999999
2025-09-15,36.88,38.1,36.88,37.34,49832.44,186758.261,0.064835
2025-09-16,37.28,37.78,36.89,37.71,31295.59,117433.431,0.040716999999999996
2025-09-17,37.51,38.15,36.61,37.65,52731.5,197118.518,0.068607
2025-09-18,37.5,37.88,35.86,36.12,59083.59,217906.865,0.076871
2025-09-19,36.15,36.65,35.46,35.6,37049.1,133126.528,0.048202999999999996
2025-09-22,35.5,36.18,35.45,35.97,27156.64,97363.27,0.035332
2025-09-23,35.8,35.84,33.59,34.5,42234.57,145227.71,0.05495
2025-09-24,34.39,35.25,33.86,34.98,28540.4,99598.837,0.037133
2025-09-25,34.9,35.48,34.61,34.72,29320.26,102749.63,0.038147
2025-09-26,34.21,34.5,33.8,34.19,24000.3,81984.354,0.031225999999999997
2025-09-29,33.95,34.24,33.41,34.21,20973.97,71130.838,0.027288
2025-09-30,34.22,34.93,34.13,34.81,23035.9,79724.939,0.029971
2025-10-09,34.9,35.08,34.2,34.39,26611.07,91633.302,0.034623
2025-10-10,34.1,34.29,33.31,33.42,30909.53,104075.957,0.040214999999999994
2025-10-13,32.24,32.99,31.75,32.7,24982.93,81205.111,0.032504
2025-10-14,32.72,33.3,31.9,32.12,23150.3,75631.173,0.03012
2025-10-15,32.15,33.65,31.91,33.4,33523.68,110918.345,0.043616
2025-10-16,33.23,33.87,32.93,33.12,21061.5,70203.752,0.027402000000000003
2025-10-17,32.85,33.55,32.23,32.23,19027.8,62465.125,0.024756
2025-10-20,32.6,33.18,32.39,32.96,20570.0,67664.317,0.026763
2025-10-21,32.77,33.4,32.66,33.26,18866.96,62482.02,0.024547
2025-10-22,33.2,33.59,32.98,33.11,15807.24,52494.106,0.020566
2025-10-23,33.04,33.21,32.32,32.85,14875.4,48521.66,0.019354
2025-10-24,32.59,33.46,32.59,33.29,18958.51,62851.398,0.024666
2025-10-27,33.46,34.08,33.44,33.97,29774.32,100700.462,0.038738
2025-10-28,33.79,34.34,33.31,33.37,18738.1,63093.409,0.024378999999999998
2025-10-29,33.79,34.66,33.3,34.59,47438.91,161808.879,0.061721000000000005
2025-10-30,34.25,34.25,33.39,33.43,33849.01,,0.044039999999999996
2025-10-31,33.43,34.64,33.23,34.59,44858.58,,0.058364
2025-11-03,34.8,35.62,34.32,35.12,52613.06,,0.041884
2025-11-04,34.9,34.93,33.36,33.62,43409.22,,0.034557000000000004
2025-11-05,33.21,33.9,32.87,32.91,36369.57,,0.028953000000000003
2025-11-06,32.91,33.12,32.49,32.99,23826.66,,0.018968
2025-11-07,32.76,32.8,32.24,32.31,21707.28,,0.017281
